<!DOCTYPE hibernate-configuration PUBLIC
        "-//Hibernate/Hibernate Configuration DTD 3.0//EN"
        "http://www.hibernate.org/dtd/hibernate-configuration-3.0.dtd">
<hibernate-configuration>
    <session-factory>
        <!-- JDBC Database connection settings -->
        <property name="connection.url">jdbc:mysql://localhost:3306/HbPractice?useSSL=false</property>
        <property name="connection.username">root</property>
        <property name="connection.password">Ehsan1376</property>
        <property name="dialect">org.hibernate.dialect.MySQL8Dialect</property>
        <!-- Echo the SQL to stdout -->
        <property name="show_sql">true</property>
        <property name="format_sql">true</property>
        <property name="hbm2ddl.auto">create</property>
        <mapping class="org.MapsaPractice.Entities.Album"/>
        <mapping class="org.MapsaPractice.Entities.Artist"/>
        <mapping class="org.MapsaPractice.Entities.Song"/>

    </session-factory>
</hibernate-configuration>